,Total Meal Fares,Total Delivery Fees,Total Restaurant Commissions,Total Orders,Marketplace Fee
Restaurant 1,4212.45,727.5,1474.62,291,0.350062315
Restaurant 2,4034.32,1122.5,1107.87,449,0.274611335
Restaurant 3,156,30,54.6,12,0.35
Restaurant 4,1770.24,342.5,708.23,137,0.400075696
Restaurant 5,1367.99,142.5,478.9,57,0.350075658
Restaurant 6,414.8,102.5,145.21,41,0.350072324
Restaurant 7,540.65,65,135.21,26,0.250087857
Restaurant 8,25672.5,2685,7705.26,1074,0.300136722
Restaurant 9,8549.01,1905,3411.94,762,0.399103522
Restaurant 10,218,35,65.4,14,0.3
Restaurant 11,25476.3,2592.5,7639.23,1037,0.299856337
Restaurant 12,23065.85,2107.5,5759.52,843,0.249699014
Restaurant 13,3965.74,507.5,1375.58,203,0.346865906
Restaurant 14,9037.29,1712.5,2260.27,685,0.250104843
Restaurant 15,7080.9,1037.5,2104.77,415,0.297246113
Restaurant 16,505.5,55,126.44,22,0.250128586
Restaurant 17,18578.7,2185,5576,874,0.300128642
Restaurant 18,3310,617.5,1158.62,247,0.350036254
Restaurant 19,14741.25,3047.5,4462.53,1219,0.302723989
Restaurant 20,1298.08,325,454.59,130,0.350201837
Restaurant 21,4853.9,760,1457.48,304,0.300269886
Restaurant 22,9278,1040,2321.69,416,0.250236042
Restaurant 23,1800.91,247.5,630.52,99,0.350111888
Restaurant 24,25498.58,2637.5,6370.21,1055,0.249826069
Restaurant 25,1295.41,185,453.51,74,0.350089933
Restaurant 26,2657,555,797.54,222,0.3001656
Restaurant 27,3399.2,470,1190.1,188,0.350111791
Restaurant 28,2594.82,740,520.62,296,0.200638195
Restaurant 29,18430.9,2152.5,4608.79,861,0.250057783
Restaurant 30,1832.18,592.5,637.23,237,0.347798797
Restaurant 31,771.96,122.5,270.26,49,0.35009586
Restaurant 32,4478.09,1440,1184.69,576,0.264552521
Restaurant 33,11704.2,1382.5,3512.55,553,0.300110217
Restaurant 34,3881.6,1082.5,973.17,433,0.250713623
Restaurant 35,69714.6,6862.5,20910.3,2745,0.299941476
Restaurant 36,8209.55,1492.5,2458.65,597,0.299486574
Restaurant 37,15459.3,2170,4640.18,868,0.300154599
Restaurant 38,10910.44,2187.5,2182.93,875,0.200077174
Restaurant 39,9459.05,735,2840.69,294,0.300314514
Restaurant 40,3459.6,252.5,1210.9,101,0.350011562
Restaurant 41,5189.4,535,1556.82,214,0.3
Restaurant 42,363,122.5,117.98,49,0.325013774
Restaurant 43,6732.9,592.5,2020.44,237,0.300084659
Restaurant 44,9352.55,1107.5,2798.14,443,0.299184714
Restaurant 45,7323.5,1017.5,2562.72,407,0.349931044
Restaurant 46,705,85,211.58,34,0.300113475
Restaurant 47,36021.5,4010,8994.24,1604,0.249690879
Restaurant 48,114,27.5,39.94,11,0.350350877
Restaurant 49,1277.54,290,447.52,116,0.350298229
Restaurant 50,14492.8,1317.5,4349.83,527,0.30013731
Restaurant 51,10382.85,1165,3124.86,466,0.300963608
Restaurant 52,1239.7,140,372.05,56,0.300112931
Restaurant 53,3647.2,317.5,911.91,127,0.25003016
Restaurant 54,11843.45,2477.5,2962.65,991,0.250150927
Restaurant 55,51968.4,7487.5,15595.63,2995,0.300098329
Restaurant 56,16759.83,3825,3353.9,1530,0.200115395
Restaurant 57,12559.8,3035,3767.22,1214,0.299942674
Restaurant 58,2610.7,485,783.21,194,0.3
Restaurant 59,504,67.5,129.3,27,0.256547619
Restaurant 60,233.75,97.5,81.86,39,0.350203209
Restaurant 61,5278.4,745,1577.76,298,0.29890876
Restaurant 62,581.05,85,145.3,34,0.250064538
Restaurant 63,10008,822.5,2502.66,329,0.250065947
Restaurant 64,4034,387.5,1008.89,155,0.250096678
Restaurant 65,6003.45,597.5,1801.61,239,0.300095778
Restaurant 66,571.5,62.5,142.9,25,0.250043745
Restaurant 67,3299.6,180,990.08,72,0.300060613
Restaurant 68,11714.5,1830,2934.21,732,0.25047676
Restaurant 69,3562.65,670,1247.26,268,0.350093329
Restaurant 70,6089.85,1327.5,1822.62,531,0.29928816
Restaurant 71,305.9,40,91.77,16,0.3
Restaurant 72,53276.89,6432.5,18637.47,2573,0.349822784
Restaurant 73,9193,2055,2300.3,822,0.250222996
Restaurant 74,4025.3,542.5,1000.69,217,0.248600104
Restaurant 75,44071.05,9092.5,11024.73,3638,0.250158097
Restaurant 76,849.45,112.5,254.93,45,0.300111837
Restaurant 77,16642.7,1520,4999.46,608,0.300399575
Restaurant 78,42735.6,6350,10698.5,2540,0.250341636
Restaurant 79,9470.61,1190,3315.62,476,0.350095717
Restaurant 80,20056.2,2712.5,5035.93,1085,0.251090934
Restaurant 81,1507.8,187.5,378.91,75,0.251299907
Restaurant 82,7566.19,1337.5,2647.85,535,0.349958169
Restaurant 83,10395.65,2585,2605.51,1034,0.25063464
Restaurant 84,7540.9,1565,1886.28,626,0.250139904
Restaurant 85,5389.5,710,1618.95,284,0.300389647
Restaurant 86,1804.05,437.5,450.42,175,0.249671572
Restaurant 87,7344,915,2203.2,366,0.3
Restaurant 88,5770.18,1020,1987.02,408,0.344360141
Restaurant 89,3543.2,540,1078.53,216,0.304394333
Restaurant 90,7810.75,832.5,1953.43,333,0.250095061
Restaurant 91,5053.65,740,1516.74,296,0.300127631
Restaurant 92,4868.35,1355,1741.34,542,0.357685869
Restaurant 93,12763.38,3377.5,2293.74,1351,0.179712584
Restaurant 94,234.56,60,58.7,24,0.250255798
Restaurant 95,1527.5,235,458.25,94,0.3
Restaurant 96,995.25,227.5,298.69,91,0.300115549
Restaurant 97,5323.43,1225,1064.83,490,0.20002705
Restaurant 98,7885.04,2322.5,2761.41,929,0.35020875
Restaurant 99,4948.76,1045,1727.42,418,0.349061179
Restaurant 100,2408.49,555,842.99,222,0.350007681
Restaurant 101,40812.4,4562.5,14282.42,1825,0.349952955
Restaurant 102,166.71,25,58.36,10,0.350068982
Restaurant 103,4895.34,1157.5,1468.65,463,0.300009805
Restaurant 104,183.5,47.5,73.4,19,0.4
Restaurant 105,8744.3,1312.5,2411.65,525,0.275796805
Restaurant 106,3804.2,477.5,1141.71,191,0.30011829
Restaurant 107,1002,172.5,250.62,69,0.25011976
Restaurant 108,21865.4,2695,6388.32,1078,0.292165705
Restaurant 109,78,7.5,19.5,3,0.25
Restaurant 110,639.15,127.5,223.76,51,0.350089963
Restaurant 111,10491.98,1680,2207.69,672,0.210416909
Restaurant 112,7372.05,935,1847.59,374,0.250620926
Restaurant 113,1333.5,227.5,400.05,91,0.3
Restaurant 114,4576.05,402.5,1601.9,161,0.350061734
Restaurant 115,830.35,102.5,249.21,41,0.300126453
Restaurant 116,5888.34,1160,2061.29,464,0.350063006
Restaurant 117,11249.5,1725,3374.85,690,0.3
Restaurant 118,44799.76,6327.5,11211.04,2531,0.250247769
Restaurant 119,42,15,12.6,6,0.3
Restaurant 120,59226.7,6667.5,17777.11,2667,0.300153647
Restaurant 121,32761.8,4190,9833.63,1676,0.300155364
Restaurant 122,14051.45,2917.5,3513.35,1168,0.250034694
Restaurant 123,3627.74,515,1267.87,206,0.349493073
Restaurant 124,3607.95,455,1096.15,182,0.303815186
Restaurant 125,2026.5,367.5,607.95,147,0.3
Restaurant 126,36141.9,4280,10852.4,1712,0.300271983
Restaurant 127,10557.5,1530,2644.76,613,0.250510064
Restaurant 128,6873.35,1565,2067.23,626,0.300760182
Restaurant 129,1436.7,192.5,359.37,77,0.250135728
Restaurant 130,900.6,97.5,225.24,39,0.250099933
Restaurant 131,8966,180,2219,72,0.24749052
Restaurant 132,618.3,70,154.64,28,0.250105127
Restaurant 133,38151,1442.5,9537.18,577,0.249985059
Restaurant 134,2351.1,240,705.45,96,0.30005104
Restaurant 135,1388.5,155,486.12,62,0.350104429
Restaurant 136,1400.8,170,420.24,68,0.3
Restaurant 137,29669.6,2877.5,7439.23,1151,0.25073577
Restaurant 138,80936.7,14585,20244.88,5834,0.250132264
Restaurant 139,40226.4,4005,10064.93,1602,0.250207078
Restaurant 140,13672.35,2167.5,4112.73,867,0.300806372
Restaurant 141,3203.9,325,961.38,130,0.300065545
Restaurant 142,3162.85,442.5,792.56,177,0.250584125
Restaurant 143,538.71,105,161.61,42,0.299994431
Restaurant 144,123.5,20,37.08,8,0.300242915
Restaurant 145,150.5,17.5,45.15,7,0.3
Restaurant 146,1374.85,215,343.9,86,0.250136379
Restaurant 147,6385.1,905,2242.51,362,0.351209848
Restaurant 148,17541.76,3280,5262.05,1312,0.299972751
Restaurant 149,1315,275,333.45,110,0.253574144
Restaurant 150,15332.52,2170,4611.88,868,0.300790738
Restaurant 151,2623.25,282.5,656.2,113,0.250147718
Restaurant 152,45.5,17.5,15.94,7,0.35032967
Restaurant 153,1793,307.5,537.9,123,0.3
Restaurant 154,1098.95,170,381.1,68,0.346785568
Restaurant 155,23254.7011,2547.5,6989.9,1019,0.300580084
Restaurant 156,56571.25,8437.5,14482.32,3375,0.256001414
Restaurant 157,60737.8,6975,18231.13,2790,0.300161185
Restaurant 158,1400.14,272.5,420.17,109,0.300091419
Restaurant 159,127006.7,12160,31776.24,4864,0.250193415
Restaurant 160,8504.01,1027.5,2551.52,411,0.300037277
Restaurant 161,9409.1,1877.5,2353.32,751,0.250111063
Restaurant 162,315.25,60,105.22,24,0.333766852
Restaurant 163,1126.1,257.5,281.68,103,0.250137643
Restaurant 164,742.89,257.5,260.06,103,0.350065286
Restaurant 165,471.36,135,164.98,54,0.350008486
Restaurant 166,1872.23,207.5,562.62,83,0.30050795
Restaurant 167,22769.83,3685,6831.79,1474,0.300036935
Restaurant 168,23859.75,3212.5,5970.05,1285,0.250214273
Restaurant 169,428.5,60,150.03,24,0.350128355
Restaurant 170,14884.2,1837.5,3730.47,735,0.250632886
Restaurant 171,6502.3,680,1626.19,272,0.250094582
Restaurant 172,2739.25,305,686.55,122,0.250634298
Restaurant 173,42946.5,4667.5,10769.63,1867,0.250768514
Restaurant 174,6961.97,1257.5,2437.75,503,0.350152328
Restaurant 175,908.03,152.5,227.11,61,0.250112882
Restaurant 176,3057.6,342.5,917.28,137,0.3
Restaurant 177,209.2,25,62.77,10,0.300047801
Restaurant 178,4831.75,602.5,1685.76,241,0.348892223
Restaurant 179,1116.7,115,335.09,46,0.30007164
Restaurant 180,2619.8,315,917.08,126,0.350057256
Restaurant 181,16635.55,1470,4985.68,588,0.299700341
Restaurant 182,1677.45,227.5,503.47,91,0.300140094
Restaurant 183,4851,715,1454.57,286,0.299849516
Restaurant 184,9932.91,1270,3452.37,508,0.347568839
Restaurant 185,19732.3,975,5919.83,390,0.300007095
Restaurant 186,12749.6,2042.5,3185.05,817,0.24981568
Restaurant 187,16519.8,1830,4961.22,732,0.300319616
Restaurant 188,31.93,15,10.38,6,0.325086126
Restaurant 189,1634.06,247.5,568.66,99,0.348004357
Restaurant 190,14462.35,2585,4342.82,1034,0.300284532
Restaurant 191,4440.24,642.5,1332.72,257,0.300145938
Restaurant 192,3230.4,415,808.33,166,0.250225978
Restaurant 193,10017.45,945,2990.41,378,0.298520082
Restaurant 194,19597.07,2892.5,5878.42,1157,0.299964229
Restaurant 195,12060.6,2195,3623.44,878,0.300436131
Restaurant 196,37757,3610,11335.63,1444,0.300225918
Restaurant 197,4616.25,702.5,1615.93,281,0.350052532
Restaurant 198,4595.3,425,1149.13,170,0.250066372
Restaurant 199,53918.95,5562.5,13484.37,2225,0.250085916
Restaurant 200,9708.36,1745,1939.74,698,0.199800996
Restaurant 201,31198.54,6387.5,6516.67,2555,0.208877403
Restaurant 202,27553.55,5127.5,8272.12,2051,0.300219754
Restaurant 203,15,7.5,6,3,0.4
Restaurant 204,1751.11,280,613.12,112,0.350132202
Restaurant 205,8274.45,1185,2888.26,474,0.349057641
Restaurant 206,14161.6,1472.5,3541.95,590,0.250109451
Restaurant 207,1068.1,145,320.61,58,0.300168524
Restaurant 208,4388.07,937.5,1610.99,375,0.367129513
Restaurant 209,4356.7,527.5,1089.38,211,0.250047054
Restaurant 210,4348.3,687.5,1522.54,275,0.350146034
Restaurant 211,194.25,32.5,48.58,13,0.25009009
Restaurant 212,2010.5,350,502.85,140,0.250111912
Restaurant 213,1533.9,250,537.06,100,0.350127127
Restaurant 214,651.5,55,195.45,22,0.3
Restaurant 215,2648,430,660.61,172,0.249475076
Restaurant 216,8183.44,1862.5,2854.56,745,0.348821522
Restaurant 217,6179,895,1860.51,358,0.30110212
Restaurant 218,6248.88,925,2187.65,370,0.350086736
Restaurant 219,1883.4,455,658.84,182,0.349814166
Restaurant 220,139675.45,16790,34916.75,6716,0.249984876
Restaurant 221,2483.12,315,869.12,126,0.350011276
Restaurant 222,3265.5,765,817.12,306,0.250228143
Restaurant 223,12.48,2.5,3.74,1,0.299679487
Restaurant 224,15948.94,2327.5,5578.21,931,0.349754278
Restaurant 225,394.35,32.5,118.33,13,0.300063395
Restaurant 226,4333.05,460,1300.41,184,0.300114238
Restaurant 227,4719.55,817.5,1174.97,327,0.248958057
Restaurant 228,3815.55,1017.5,683.06,407,0.179020063
Restaurant 229,6057.05,1065,1507.79,426,0.248931411
Restaurant 230,5180.05,410,1813.23,164,0.350041023
Restaurant 231,38.54,5,11.56,2,0.299948106
Restaurant 232,242.4,37.5,60.64,15,0.250165017
Restaurant 233,1164.7,160,291.25,64,0.250064394
Restaurant 234,1852.35,177.5,648.42,71,0.350052636
Restaurant 235,2727.05,265,681.94,106,0.250065089
Restaurant 236,3207.3,810,802.26,324,0.250135628
Restaurant 237,361.05,80,126.41,32,0.350117712
Restaurant 238,56459.25,7277.5,14117.44,2911,0.250046538
Restaurant 239,11701.31,1407.5,3501.6,563,0.299248546
Restaurant 240,702.55,150,210.89,60,0.300177923
Restaurant 241,5040.57,810,1764.28,324,0.35001597
Restaurant 242,35,2.5,12.25,1,0.35
Restaurant 243,3427.68,512.5,1113.95,205,0.32498658
Restaurant 244,8243.66,2612.5,2105.91,1045,0.255458134
Restaurant 245,63.74,20,22.3,8,0.349858801
Restaurant 246,4227.33,702.5,1268.49,281,0.300068838
Restaurant 247,211.1,42.5,63.38,17,0.300236855
Restaurant 248,1745.75,207.5,611.07,83,0.350032937
Restaurant 249,2906.35,692.5,872.98,277,0.30036988
Restaurant 250,911.85,187.5,273.58,75,0.300027417
Restaurant 251,20349.5,1617.5,5091.02,647,0.25017912
Restaurant 252,51184.19,14670,12804.71,5868,0.250169242
Restaurant 253,6840.2,762.5,2055.93,305,0.300565773
Restaurant 254,825.8,200,247.99,80,0.300302737
Restaurant 255,13403.87,1595,4022.63,638,0.300109595
Restaurant 256,115.4,15,28.86,6,0.250086655
Restaurant 257,69.4,7.5,17.35,3,0.25
Restaurant 258,2295,450,688.5,180,0.3
Restaurant 259,1293.51,167.5,454.42,67,0.351307682
Restaurant 260,21895.65,2700,6574.09,1080,0.300246396
Restaurant 261,1439.06,180,503.76,72,0.350061846
Restaurant 262,302.5,37.5,90.75,15,0.3
Restaurant 263,10578.8,1857.5,2716.31,743,0.256769199
Restaurant 264,8685.5,1687.5,2605.65,675,0.3
Restaurant 265,16696.5,1922.5,5010.7,769,0.300104812
Restaurant 266,50623.2,6125,15192.48,2450,0.300109041
Restaurant 267,1041.404,272.5,181.58,109,0.174360767
Restaurant 268,27.74,2.5,6.94,1,0.250180245
Restaurant 269,14595.1,2372.5,2919.02,949,0.2
Restaurant 270,27443.2,3650,6873.63,1460,0.250467511
Restaurant 271,10801.65,1275,2705.93,510,0.250510802
Restaurant 272,8327.95,1132.5,2087.05,453,0.250607893
Restaurant 273,1214.8,252.5,425.35,101,0.350139941
Restaurant 274,3655.99,532.5,1279.94,213,0.350093955
Restaurant 275,213.4,50,74.74,20,0.350234302
Restaurant 276,2929.15,942.5,1026.14,377,0.350320059
Restaurant 277,12062.08,2112.5,3008.96,845,0.249456147
Restaurant 278,10849.45,1402.5,3747.29,561,0.345389858
Restaurant 279,457,67.5,160,27,0.350109409
Restaurant 280,1103.82,32.5,331.16,13,0.300012683
Restaurant 281,7159.45,1635,2149.7,654,0.300260495
Restaurant 282,6315.4,1490,1892.04,596,0.299591475
Restaurant 283,351.5,45,105.45,18,0.3
Restaurant 284,25658.7,4765,5470.46,1906,0.213200981
Restaurant 285,196.1,42.5,49.05,17,0.250127486
Restaurant 286,24314.25,4422.5,5196.26,1769,0.213712535
Restaurant 287,4943.1,540,1730.28,216,0.350039449
Restaurant 288,38,2.5,13.3,1,0.35
Restaurant 289,14214.5,1725,3555.42,690,0.25012628
Restaurant 290,4577.88,985,916.4,394,0.200179996
Restaurant 291,462.55,72.5,161.95,29,0.350124311
Restaurant 292,11681.5,2097.5,3502.29,839,0.299815092
Restaurant 293,12430.5,1107.5,3108.95,443,0.250106593
Restaurant 294,12835.32,2020,3852.73,808,0.30016626
Restaurant 295,829.07,185,248.61,74,0.299866115
Restaurant 296,8466.7,2225,2120.33,890,0.250431691
Restaurant 297,10059.68,1267.5,2517.98,507,0.250304185
Restaurant 298,2942.81,780,882.85,312,0.300002379
Restaurant 299,9208.55,1197.5,2764.44,479,0.300203615
Restaurant 300,17255.8,3135,5170.99,1254,0.299666779
Restaurant 301,6759.44,2170,1741.17,868,0.257590866
Restaurant 302,1731.05,252.5,606.04,101,0.350099651
Restaurant 303,14425,2337.5,3605.37,935,0.249938995
Restaurant 304,11386.6,1102.5,3419.83,441,0.300338117
Restaurant 305,18087.8,2067.5,4521.71,827,0.249986731
Restaurant 306,1372.61,217.5,481.12,87,0.350514713
Restaurant 307,1517.4,382.5,417.61,153,0.275214182
Restaurant 308,37786.7,4482.5,9455.33,1793,0.250229049
Restaurant 309,23346.95,2762.5,8053.81,1105,0.344961976
Restaurant 310,61.11,17.5,21.41,7,0.350351825
Restaurant 311,4996.45,602.5,1499.53,241,0.300119085
Restaurant 312,698.05,85,209.5,34,0.300121768
Restaurant 313,12721.55,1302.5,3826.16,521,0.300762093
Restaurant 314,7303.95,717.5,2201.3,287,0.301384867
Restaurant 315,10641.5,1012.5,3194.1,405,0.300155053
Restaurant 316,66718.4,8490,16683.83,3396,0.250063401
Restaurant 317,431.2,52.5,107.83,21,0.250069573
Restaurant 318,208.48,32.5,72.98,13,0.350057559
Restaurant 319,465.6,135,139.91,54,0.300493986
Restaurant 320,2195.2,307.5,654.06,123,0.297950073
Restaurant 321,5137.996,512.5,1544.05,205,0.300515999
Restaurant 322,222.15,32.5,77.76,13,0.350033761
Restaurant 323,7542.75,687.5,2255.21,275,0.298990421
Restaurant 324,811.6,242.5,203.18,97,0.250344998
Restaurant 325,149.2,17.5,52.24,7,0.350134048
Restaurant 326,4231.15,612.5,1481.32,245,0.350098673
Restaurant 327,211,37.5,61.03,15,0.289241706
Restaurant 328,5419.86,1197.5,1901.11,479,0.350767363
Restaurant 329,2284.8,280,571.44,112,0.250105042
Restaurant 330,62195.2,5820,18659.15,2329,0.300009486
Restaurant 331,8802.15,1790,2642.46,716,0.3002062
Restaurant 332,3633.51,435,1272.21,174,0.350132516
Restaurant 333,2117.78,192.5,529.58,77,0.250063746
Restaurant 334,2241.15,347.5,671.44,139,0.299596189
Restaurant 335,464.5,32.5,116.15,13,0.250053821
Restaurant 336,26649.4,2972.5,6662.43,1189,0.250003002
Restaurant 337,1271.48,162.5,445.09,65,0.350056627
Restaurant 338,7030.5,865,1971.66,346,0.280443781
Restaurant 339,247.5,27.5,74.25,11,0.3
Restaurant 340,2168.35,360,759.05,144,0.3500588
Restaurant 341,1936.02,395,679.26,158,0.350853813
Restaurant 342,6180.23,1262.5,2154.58,505,0.348624566
Restaurant 343,11783.95,1845,2967.06,738,0.251788237
Restaurant 344,12558.8,3590,2505.67,1436,0.199515081
Restaurant 345,1577.55,165,552.22,66,0.350049127
Restaurant 346,3585.58,435,1079.28,174,0.301005695
Restaurant 347,19345.89,1960,4840.01,784,0.250182855
Restaurant 348,171.08,25,59.87,10,0.349953238
Restaurant 349,4827,632.5,1447.2,253,0.299813549
Restaurant 350,541.65,77.5,114.68,31,0.211723438
Restaurant 351,1270.45,150,444.69,60,0.350025581
Restaurant 352,57974.6,6120,17399.31,2448,0.300119535
Restaurant 353,823.5,180,237.75,72,0.28870674
Restaurant 354,2074.11,212.5,727.76,85,0.350878208
Restaurant 355,17914.05,2295,3825.16,918,0.213528487
Restaurant 356,863,195,258.9,78,0.3
Restaurant 357,2320.23,492.5,696.51,197,0.300190067
Restaurant 358,7329.05,1737.5,2210.04,695,0.301545221
Restaurant 359,2491.35,342.5,872.16,137,0.35007526
Restaurant 360,22167.85,2957.5,5542.87,1183,0.250040938
Restaurant 361,4646.8,782.5,1394.82,313,0.300167857
Restaurant 362,4467.2,492.5,1344.75,197,0.301027489
Restaurant 363,2449.46,625,614.7,250,0.250953271
Restaurant 364,3963.26,472.5,992.55,189,0.250437771
Restaurant 365,1998.07,277.5,699.34,111,0.350007757
Restaurant 366,2807.75,622.5,703.03,249,0.250389102
Restaurant 367,43265.45,5790,10820.41,2316,0.25009355
Restaurant 368,2725.4,290,681.56,116,0.250077053
Restaurant 369,5279.75,672.5,1320.55,269,0.250116009
Restaurant 370,8180.9,1072.5,2864.39,429,0.350131404
Restaurant 371,35521.65,4415,7680.96,1766,0.216233199
Restaurant 372,2712.85,412.5,814.18,165,0.3001198
Restaurant 373,1676.65,177.5,503.15,71,0.300092446
Restaurant 374,5525.8,687.5,1172.92,275,0.212262478
Restaurant 375,3654,557.5,1102.8,223,0.30180624
Restaurant 376,7192.1,740,1807.87,296,0.251368863
Restaurant 377,4139.52,857.5,1241.94,343,0.300020292
Restaurant 378,4324.65,975,1513,390,0.349854902
Restaurant 379,1523.4,267.5,457.02,107,0.3
Restaurant 380,15532.93,3522.5,4662.49,1409,0.300168094
Restaurant 381,7583.95,940,1896.5,376,0.250067577
Restaurant 382,3638.5,315,1091.55,126,0.3
Restaurant 383,1267.95,152.5,443.89,61,0.350084783
Restaurant 384,4692.1,610,1185.31,244,0.252618231
Restaurant 385,687.8,162.5,240.78,65,0.350072696
Restaurant 386,1326.8,280,465.36,112,0.350738619
Restaurant 387,1191.2,202.5,297.9,81,0.250083949
Restaurant 388,6180.97,1560,1852.9,624,0.299774954
Restaurant 389,12759.41,2092.5,3830.36,837,0.300198834
Restaurant 390,1038.31,177.5,363.57,71,0.350155541
Restaurant 391,38735.5,4680,11625.22,1872,0.30011798
Restaurant 392,86552.27,16052.5,18377.16,6421,0.212324414
Restaurant 393,12905.05,2475,3227.06,990,0.250061798
Restaurant 394,3985.45,1175,1298.77,470,0.325877881
Restaurant 395,211.85,22.5,63.58,9,0.300118008
Restaurant 396,213.53,72.5,74.77,29,0.35016157
Restaurant 397,5352.55,517.5,1338.47,207,0.25006212
Restaurant 398,7219.46,1697.5,2528.81,679,0.350276891
Restaurant 399,2449.8,617.5,734.94,247,0.3
Restaurant 400,4752.26,1067.5,1186.23,427,0.249613868
Restaurant 401,10845.4,2482.5,3246.06,993,0.29930293
Restaurant 402,108.15,22.5,38.01,9,0.351456311
Restaurant 403,16492.55,2267.5,4969.87,907,0.301340302
Restaurant 404,988.65,230,247.23,92,0.250068275
Restaurant 405,5483.5,845,1918.18,338,0.349809428
Restaurant 406,55233.5,5277.5,13803.58,2111,0.249913187
Restaurant 407,3063,272.5,1073.8,109,0.350571335
Restaurant 408,13707.75,1795,4113.98,718,0.300120735
Restaurant 409,31.45,5,11.01,2,0.350079491
Restaurant 410,10544.8,1942.5,3192.14,777,0.302721721
Restaurant 411,20441.3,2877.5,5112.17,1151,0.250090258
Restaurant 412,0.01,2.5,0,1,0
Restaurant 413,146.8,17.5,44.04,7,0.3
Restaurant 414,1377.9,197.5,413.56,79,0.300137891
Restaurant 415,119.4,15,35.82,6,0.3
Restaurant 416,9089.5,1275,2728.18,510,0.300146323
Restaurant 417,2246,272.5,673.8,109,0.3
Restaurant 418,33,2.5,8.25,1,0.25
Restaurant 419,126,20,31.5,8,0.25
Restaurant 420,254,52.5,88.9,21,0.35
Restaurant 421,5921.35,620,1777.03,248,0.30010555
Restaurant 422,1121.96,312.5,308.56,125,0.275018717
Restaurant 423,6239.45,752.5,1873.65,301,0.300290891
Restaurant 424,593.9,47.5,178.17,19,0.3
Restaurant 425,10328.53,2775,1849.58,1110,0.179074854
Restaurant 426,1668.9,177.5,584.22,71,0.350062916
Restaurant 427,10627.23,1240,3189.5,496,0.300125244
Restaurant 428,2985.4,390,895.98,156,0.300120587
Restaurant 429,931.93,200,233.19,80,0.250222656
Restaurant 430,11161.7,1085,3386.55,434,0.303408083
Restaurant 431,6722.3,1470,1675.64,588,0.249265876
Restaurant 432,7651.2,865,2296.11,346,0.300098024
Restaurant 433,54108.14,8185,13536.45,3274,0.250174003
Restaurant 434,13312.65,2722.5,4005.5,1089,0.300879239
Restaurant 435,4555.55,682.5,1367.29,273,0.300137195
Restaurant 436,21715.3,2435,5447.05,974,0.25083927
Restaurant 437,51054.1,5877.5,15254.94,2351,0.298799509
Restaurant 438,4844.38,620,1461.22,248,0.301631994
Restaurant 439,59053.3,6462.5,17714.64,2585,0.299977139
Restaurant 440,5195.65,787.5,1078.2,315,0.207519752
Restaurant 441,15745.35,3630,3137.07,1452,0.19923787
Restaurant 442,1845.89,340,551.9,136,0.298988564
Restaurant 443,38.5,7.5,11.55,3,0.3
Restaurant 444,5332.53,895,1866.71,358,0.350060853
Restaurant 445,1421.55,227.5,355.51,91,0.250086174
Restaurant 446,2282,297.5,684.6,119,0.3
Restaurant 447,18347.8,3030,3963.26,1212,0.216007369
Restaurant 448,0.01,2.5,0,1,0
Restaurant 449,711,150,213.3,60,0.3
Restaurant 450,10118.15,1160,3039.12,464,0.300363209
Restaurant 451,1453.55,177.5,436.21,71,0.300099756
Restaurant 452,1582.86,347.5,397.7,139,0.251254059
Restaurant 453,1811.94,440,634.67,176,0.35027098
Restaurant 454,1817.3,432.5,448.14,173,0.246596599
Restaurant 455,1895.4,197.5,568.63,79,0.300005276
Restaurant 456,1747.65,262.5,525.38,105,0.300620834
Restaurant 457,40,7.5,12,3,0.3
Restaurant 458,363.82,35,127.36,14,0.350063218
Restaurant 459,22818,2302.5,5711.43,921,0.250303708
Restaurant 460,24938.1,3797.5,7496.86,1519,0.300618732
Restaurant 461,1536.22,300,537.95,120,0.350177709
Restaurant 462,8723.42,1165,3039.33,466,0.348410371
Restaurant 463,9250.8,1535,2775.24,614,0.3
Restaurant 464,2666.5,392.5,935.62,157,0.35087943
Restaurant 465,19,5,6.65,2,0.35
Restaurant 466,2320.25,310,696.4,124,0.300140071
Restaurant 467,5475.4,1017.5,1642.27,407,0.299936078
Restaurant 468,3438.81,440,1199.64,176,0.348853237
Restaurant 469,2317.45,470,579.7,188,0.250145634
Restaurant 470,7711,985,2702.9,394,0.350525224
Restaurant 471,55399,2692.5,16627.33,1077,0.300137728
Restaurant 472,774.7,117.5,271.24,47,0.350122628
Restaurant 473,17394.55,2537.5,4346.68,1015,0.249887465
Restaurant 474,4620.3,547.5,1155.44,219,0.250078999
Restaurant 475,4259.15,487.5,1065.17,195,0.250089807
Restaurant 476,50.3,17.5,15.1,7,0.300198807
Restaurant 477,18530.75,2375,4626.12,950,0.249645589
Restaurant 478,14708.37,2337.5,3679.06,935,0.250133767
Restaurant 479,4616.4,575,1387.51,230,0.300561043
Restaurant 480,4533.41,1380,1809.58,552,0.399165308
Restaurant 481,47555.3,2870,11895.34,1148,0.250136998
Restaurant 482,12068.68,1457.5,4224.39,583,0.350029166
Restaurant 483,43184,6225,10788.36,2490,0.249823083
Restaurant 484,3186.91,482.5,1112.43,193,0.349062258
Restaurant 485,971.7,145,340.14,58,0.350046311
Restaurant 486,13734.5,2195,3437.86,878,0.250308348
Restaurant 487,10329.72,1355,3100.14,542,0.300118493
Restaurant 488,5006.79,840,1753.06,336,0.350136515
Restaurant 489,5918.08,105,2071.39,42,0.350010476
Restaurant 490,7293.9,1155,2191.35,462,0.300435981
Restaurant 491,2044.5,352.5,613.35,141,0.3
Restaurant 492,3928,482.5,982.41,193,0.250104379
Restaurant 493,48588.68,4565,14573.92,1826,0.299944761
Restaurant 494,325,60,113.8,24,0.350153846
Restaurant 495,7176.75,1690,1788.34,676,0.249185216
Restaurant 496,638.55,240,224.06,96,0.350888732
Restaurant 497,23219.85,3275,6969.13,1310,0.300136736
Restaurant 498,2776.47,457.5,973.39,183,0.350585456
Restaurant 499,26607.42,3395,7969.52,1358,0.299522464
Restaurant 500,1539.47,367.5,459.17,147,0.298264987
Restaurant 501,10258.284,2582.5,1842.33,1033,0.179594365
Restaurant 502,50524.5,5230,12634.51,2092,0.250066997
Restaurant 503,792.35,232.5,277.41,93,0.350110431
Restaurant 504,9276.65,1142.5,3250.11,457,0.350353845
Restaurant 505,44883.6,5427.5,11215.49,2171,0.249879466
Restaurant 506,27089,2987.5,8136.23,1196,0.300351803
Restaurant 507,10749.72,2465,2151.71,986,0.200164283
Restaurant 508,5224.4,1180,1306.59,472,0.250093791
Restaurant 509,2965.15,392.5,1037.97,157,0.35005649
Restaurant 510,6462,1442.5,1621.32,577,0.25090065
Restaurant 511,822.7,220,247.01,88,0.300243102
Restaurant 512,17111.49,3707.5,5128.12,1483,0.299688689
Restaurant 513,2547.33,327.5,891.7,131,0.3500528
Restaurant 514,7230.75,632.5,1808.11,253,0.250058431
Restaurant 515,3423.2,645,857.7,258,0.250555036
Restaurant 516,514.26,77.5,154.33,31,0.300101116
Restaurant 517,23223.65,2770,5807.19,1108,0.250055009
Restaurant 518,40635.7,7342.5,8589.1,2937,0.211368329
Restaurant 519,4193.04,920,1149.17,368,0.274066071
Restaurant 520,2518.26,557.5,757.15,223,0.300663951
Restaurant 521,11083.4,1922.5,3319.77,769,0.299526319
Restaurant 522,4592.65,865,1376.32,346,0.299678835
Restaurant 523,2445.7,237.5,612.03,95,0.250247373
Restaurant 524,987.4,242.5,246.94,97,0.250091148
Restaurant 525,15058.51,1282.5,3767.54,513,0.250193412
Restaurant 526,2746.7,475,824.36,190,0.300127426
Restaurant 527,9851.94,1682.5,1975.18,674,0.200486402
Restaurant 528,46561.5,4782.5,14015.46,1913,0.301009632
Restaurant 529,31807.22,5917.5,6358.23,2367,0.199898954
Restaurant 530,10.57,2.5,3.7,1,0.350047304
Restaurant 531,71838.21,10332.5,21590.1,4133,0.300537834
Restaurant 532,12083,1382.5,3022.11,553,0.250112555
Restaurant 533,2602.25,290,841.22,116,0.323266404
Restaurant 534,13581.35,1577.5,3393.98,631,0.249900047
Restaurant 535,4757.9,995,1191.28,398,0.250379369
Restaurant 536,2186.1,350,649.08,140,0.29691231
Restaurant 537,111.85,22.5,33.56,9,0.300044703
Restaurant 538,87933.6,10392.5,21976.19,4157,0.249918006
Restaurant 539,2205.35,275,661.88,110,0.300124697
Restaurant 540,9017.1,1030,2255.95,412,0.250185758
Restaurant 541,1675.78,247.5,502.65,99,0.299949874
Restaurant 542,1255,332.5,376.78,133,0.300223108
Restaurant 543,317.74,70,111.21,28,0.350003147
Restaurant 544,3621.7,527.5,1086.56,211,0.300013806
Restaurant 545,70,2.5,21,1,0.3
Restaurant 546,1785.85,125,451.26,50,0.252686396
Restaurant 547,14840.85,1870,3713.8,748,0.250241731
Restaurant 548,19732.2,3052.5,4935.24,1221,0.250110986
Restaurant 549,697.49,270,242.98,108,0.348363417
Restaurant 550,6464.1,262.5,1616.12,105,0.250014697
Restaurant 551,5855.75,1070,1460.69,428,0.249445417
Restaurant 552,40392.8,9677.5,12116.93,3871,0.299977471
Restaurant 553,1287.6,157.5,386.44,63,0.300124262
Restaurant 554,18595.95,1957.5,4652.15,783,0.250170064
Restaurant 555,6864.6,760,1717.71,304,0.250227253
Restaurant 556,24676.95,2807.5,6175.89,1123,0.250269584
Restaurant 557,4885.85,982.5,1466.77,393,0.300207743
Restaurant 558,6842,1205,2052.67,482,0.300010231
Restaurant 559,25183.15,2635,6310.06,1054,0.250566748
Restaurant 560,1870.7,192.5,561.45,77,0.300128294
Restaurant 561,533.4,77.5,133.4,31,0.250093738
Restaurant 562,2373.17,430,479.86,172,0.202202118
Restaurant 563,16269.22,3857.5,4887.34,1543,0.300404076
Restaurant 564,13094.65,3390,3281.01,1356,0.250561107
Restaurant 565,173.8,50,60.85,20,0.350115075
Restaurant 566,2978.2,605,738.39,242,0.247931637
Restaurant 567,69,7.5,24.15,3,0.35
Restaurant 568,25361.75,3485,6338.13,1394,0.249909017
Restaurant 569,651.19,177.5,222.28,71,0.341344308
Restaurant 570,10496.2,740,3148.86,296,0.3
Restaurant 571,4397.4,925,1110.52,370,0.252540137
Restaurant 572,1063.75,165,319.31,66,0.300173913
Restaurant 573,10104.6,1447.5,2538.2,579,0.251192526
Restaurant 574,3883.88,962.5,1360.9,385,0.350397026
Restaurant 575,4018.5,472.5,1406.68,189,0.350051014
Restaurant 576,31644.65,3147.5,7915.83,1259,0.250147497
Restaurant 577,15073,880,3769.01,352,0.250050421
Restaurant 578,6607.5,717.5,1982.25,287,0.3
Restaurant 579,24791.59,5270,7448.07,2108,0.300427282
Restaurant 580,424.35,120,127.41,48,0.300247437
Restaurant 581,2301.1,270,690.6,108,0.300117335
Restaurant 582,9511.9,1457.5,2853.57,583,0.3
Restaurant 583,15427.9,955,4488.33,382,0.290922938
Restaurant 584,9815.15,697.5,2948.25,279,0.300377478
Restaurant 585,1603.16,370,558.67,148,0.348480501
Restaurant 586,1758.1,282.5,617.02,113,0.350958421
Restaurant 587,3096.25,435,1087.47,174,0.351221639
Restaurant 588,2645.45,375,926.02,150,0.350042526
Restaurant 589,97447.35,11537.5,24345.14,4615,0.249828651
Restaurant 590,1596.6,312.5,559.1,125,0.350181636
Restaurant 591,29203.53,5090,5841.03,2036,0.200011095
Restaurant 592,6990.8,975,2093.79,390,0.299506494
Restaurant 593,559.15,50,139.81,20,0.25004024
Restaurant 594,1704.5,252.5,426.74,101,0.25036081
Restaurant 595,12560.55,2727.5,3768.62,1091,0.300036225
Restaurant 596,24729.4,2312.5,6199.82,925,0.250706447
Restaurant 597,11499.2,1412.5,2875.68,565,0.250076527
Restaurant 598,364.61,42.5,109.42,17,0.300101478
Restaurant 599,2513.2,310,754.21,124,0.300099475
Restaurant 600,8247.9,920,2059.6,368,0.249712048
Restaurant 601,274,37.5,82.2,15,0.3
Restaurant 602,16.45,2.5,5.76,1,0.350151976
Restaurant 603,22928.64,1915,5737.75,766,0.2502438
Restaurant 604,7889.38,1617.5,1645.38,647,0.208556312
Restaurant 605,35867.31,4100,8983.29,1640,0.250458983
Restaurant 606,9383.1,1087.5,2816.77,435,0.300196097
Restaurant 607,25476.16,4535,6372,1814,0.250116187
Restaurant 608,77.35,7.5,27.08,3,0.350096962
Restaurant 609,11760.5,545,2940.7,218,0.250048892
Restaurant 610,413.69,120,144.83,48,0.350093065
Restaurant 611,5276.1,1137.5,1845.75,455,0.349832262
Restaurant 612,13972.7,1322.5,4191.81,529,0.3
Restaurant 613,2276.7,280,789.58,112,0.346808978
Restaurant 614,10,2.5,2.5,1,0.25
Restaurant 615,8636.15,1062.5,2162.78,425,0.250433353
Restaurant 616,376.43,57.5,131.77,23,0.350051802
Restaurant 617,5318.55,687.5,1596.31,275,0.300140076
Restaurant 618,66284.6,6987.5,16580.28,2795,0.250137739
Restaurant 619,2730.37,737.5,955.68,295,0.350018496
Restaurant 620,23428.9,750,9894.69,300,0.422328406
Restaurant 621,6280.98,1667.5,2512.96,667,0.400090432
Restaurant 622,526.6,57.5,157.98,23,0.3
Restaurant 623,1749.6,265,525.31,106,0.30024577
Restaurant 624,1657.83,465,331.63,186,0.200038605
Restaurant 625,1445.4,267.5,433.93,107,0.300214474
Restaurant 626,3330.12,297.5,837.27,119,0.251423372
Restaurant 627,18250.3,2217.5,4560.36,887,0.249878632
Restaurant 628,13544.4,2210,4062.82,884,0.299963084
Restaurant 629,27122.17,3940,9459.75,1576,0.348782933
Restaurant 630,2471.4,385,865.1,154,0.350044509
Restaurant 631,32378.26,4185,9714.77,1674,0.300039903
Restaurant 632,3715.18,857.5,1297.6,343,0.349269753
Restaurant 633,1002.81,305,200,122,0.199439575
Restaurant 634,108613.02,18620,32546.81,7448,0.299658457
Restaurant 635,2280.35,227.5,684.36,91,0.300111825
Restaurant 636,4754.7,592.5,1430.06,237,0.300767661
Restaurant 637,43145.7,7820,9095.13,3128,0.210800381
Restaurant 638,3830.68,457.5,1152.01,183,0.300732507
Restaurant 639,1565.3,215,469.59,86,0.3
Restaurant 640,1543.76,240,463.23,96,0.300066072
Restaurant 641,44.85,7.5,15.71,3,0.350278707
Restaurant 642,10,2.5,3.5,1,0.35
Restaurant 643,3375.4,565,844.23,226,0.250112579
Restaurant 644,1763.1,220,617.18,88,0.350053882
Restaurant 645,4938.78,1100,1729.19,440,0.35012493
Restaurant 646,4641.15,712.5,1624.68,285,0.350059791
Restaurant 647,16557.25,1840,4964.14,736,0.299816697
Restaurant 648,1477.25,172.5,517.12,69,0.350055847
Restaurant 649,441.5,80,132.45,32,0.3
Restaurant 650,2288.3,120,686.49,48,0.3
Restaurant 651,686.05,107.5,240.19,43,0.350105677
Restaurant 652,2992.84,620,1047.81,248,0.350105585
Restaurant 653,44836.8,4190,11222.22,1676,0.250290386
Restaurant 654,33086.3,3085,8275.76,1234,0.250126487
Restaurant 655,3930.32,1265,1371.25,506,0.348890167
Restaurant 656,18431.45,2320,5539.76,928,0.300560184
Restaurant 657,18385.2,1467.5,4596.15,587,0.249991841
Restaurant 658,1074.25,125,376,50,0.350011636
Restaurant 659,5475.15,767.5,1622.76,307,0.2963864
Restaurant 660,3512.5,722.5,1230.34,289,0.350274733
Restaurant 661,270.45,42.5,81.19,17,0.300203365
Restaurant 662,1629.05,405,488.8,162,0.300052178
Restaurant 663,2854,335,998.9,134,0.35
Restaurant 664,10094.45,1025,2524.29,410,0.250067116
Restaurant 665,6011.3,1062.5,1202.26,425,0.2
Restaurant 666,1129.57,140,395.4,56,0.350044707
Restaurant 667,2973.9,737.5,893.69,295,0.300511113
Restaurant 668,293.8,42.5,102.88,17,0.350170184
Restaurant 669,554.91,142.5,221.96,57,0.399992792
Restaurant 670,3139.78,737.5,863.34,295,0.27496831
Restaurant 671,37.5,5,7.5,2,0.2
Restaurant 672,5704.49,1435,1027.25,574,0.180077448
Restaurant 673,6039.79,1085,1812.01,434,0.300012087
Restaurant 674,2876.69,692.5,1001.57,277,0.348167512
Restaurant 675,28233.75,2750,7054.19,1100,0.249849559
Restaurant 676,3159.93,640,1107.01,256,0.350327381
Restaurant 677,46725,11272.5,11695.43,4509,0.250303478
Restaurant 678,48.22,7.5,14.46,3,0.29987557
Restaurant 679,1389.75,185,486.52,74,0.350077352
Restaurant 680,1745.5,427.5,525.88,171,0.301277571
Restaurant 681,1771,192.5,531.3,77,0.3
Restaurant 682,16564.5,3162.5,4147.52,1265,0.250386067
Restaurant 683,9505.35,1127.5,2846.7,451,0.299483975
Restaurant 684,10023.55,1470,3008.81,588,0.30017409
Restaurant 685,6195.6,792.5,2168.71,317,0.350040351
Restaurant 686,256.2,75,76.86,30,0.3
Restaurant 687,10238.7,1152.5,2572.14,461,0.25121744
Restaurant 688,2310.6,307.5,808.81,123,0.350043279
Restaurant 689,2847.75,470,854.33,188,0.300001756
Restaurant 690,3612.65,880,1083.83,352,0.300009688
Restaurant 691,14055,917.5,3504.96,367,0.2493746
Restaurant 692,686.9,135,240.53,54,0.350167419
Restaurant 693,3264.99,517.5,1142.96,207,0.350065391
Restaurant 694,700.65,82.5,221.53,33,0.316177835
Restaurant 695,639.4,62.5,223.82,25,0.350046919
Restaurant 696,15937.65,2015,5579.01,806,0.350052235
Restaurant 697,3155.83,537.5,1104.75,215,0.350066385
Restaurant 698,158.95,72.5,55.63,29,0.349984272
Restaurant 699,23.3,10,8.15,4,0.349785408
Restaurant 700,19281.7,1805,4851.75,722,0.251624597
Restaurant 701,137152.8,16797.5,34291.26,6719,0.250022311
Restaurant 702,4799.65,525,1200.22,210,0.250064067
Restaurant 703,49502.5,5622.5,12388.89,2249,0.250267966
Restaurant 704,5084.45,992.5,1014.67,397,0.199563375
Restaurant 705,7063.8,797.5,1764.3,319,0.249766415
Restaurant 706,12171.02,1615,3645.35,646,0.299510641
Restaurant 707,14482.35,1600,3621.83,640,0.250085794
Restaurant 708,12010.8,1475,3607.86,590,0.300384654
Restaurant 709,2184.75,315,764.8,126,0.350062936
Restaurant 710,56440.4,7225,16934.58,2890,0.300043586
Restaurant 711,44.5,7.5,11.13,3,0.25011236
Restaurant 712,832.6,190,249.85,76,0.300084074
Restaurant 713,49772.2,4702.5,12436.68,1881,0.249872017
Restaurant 714,21476.45,3485,8558.62,1394,0.398511858
Restaurant 715,2549.05,502.5,892.59,201,0.350165748
Restaurant 716,679.93,160,238.05,64,0.35010957
Restaurant 717,4378.48,965,1095.27,386,0.250148453
Restaurant 718,511.4,62.5,179.02,25,0.350058662
Restaurant 719,3075.26,397.5,1077.02,159,0.350220794
Restaurant 720,2865.1,605,596.88,242,0.208327807
Restaurant 721,2958,675,732.71,270,0.24770453
Restaurant 722,34591.5,4457.5,10379.5,1783,0.300059263
Restaurant 723,31247,2942.5,7813.58,1177,0.250058566
Restaurant 724,2715.15,582.5,814.71,233,0.30006077
Restaurant 725,11237.5,1467.5,2810.15,587,0.250068966
Restaurant 726,193.21,75,64.1,30,0.331763366
Restaurant 727,17973.74,5900,7186.5,2360,0.399833312
Restaurant 728,384.11,105,134.53,42,0.350238213
Restaurant 729,907.8,122.5,317.86,49,0.350143203
Restaurant 730,1063.05,125,265.86,50,0.250091717
Restaurant 731,8275.77,1505,2482.55,602,0.299978129
Restaurant 732,6858.35,1075,2057.61,430,0.30001531
Restaurant 733,23636.5,4107.5,5908.72,1643,0.249982865
Restaurant 734,808.55,165,202.25,66,0.250139138
Restaurant 735,16879,2235,4222.27,894,0.250149298
Restaurant 736,21941.62,5370,3945.9,2148,0.179836311
Restaurant 737,5429.76,1377.5,1901.76,551,0.350247525
Restaurant 738,2438.25,485,733.55,194,0.30085102
Restaurant 739,2309.91,217.5,808.59,87,0.350052599
Restaurant 740,52420.8,7810,18339.31,3124,0.349847961
Restaurant 741,15140.7,1852.5,4550.91,741,0.30057461
Restaurant 742,12545.45,1247.5,3766.42,499,0.300221993
Restaurant 743,760.4,297.5,265.57,119,0.349250395
Restaurant 744,1323.45,165,476.45,66,0.360006045
Restaurant 745,13283.6,2392.5,3313.14,957,0.249415821
Restaurant 746,10971.5,1037.5,2743.92,415,0.250095247
Restaurant 747,934.05,135,326.98,54,0.350066913
Restaurant 748,3715.05,480,1300.56,192,0.350078734
Restaurant 749,14424.1,1440,4245.68,576,0.294346268
Restaurant 750,660.15,97.5,231.09,39,0.350056805
Restaurant 751,1158.69,225,289.81,90,0.250118668
Restaurant 752,10282.8,1220,3600.5,488,0.35014782
Restaurant 753,8763,985,2191.81,394,0.250120963
Restaurant 754,2317.8,362.5,927.12,145,0.4
Restaurant 755,24553.75,2430,6139.38,972,0.250038385
Restaurant 756,14365.37,1917.5,3588.25,767,0.249784725
Restaurant 757,89653.85,13182.5,22448.02,5273,0.250385455
Restaurant 758,14582.4,1217.5,3646.22,487,0.250042517
Restaurant 759,7030.55,1022.5,2456.54,409,0.349409363
Restaurant 760,41838.89,8290,12556.88,3316,0.300124597
Restaurant 761,16534.1,2437.5,4962.42,975,0.300132454
Restaurant 762,5498.8,757.5,1925.4,303,0.350149123
Restaurant 763,35,7.5,12.25,3,0.35
Restaurant 764,15867.45,1860,4760.46,744,0.30001418
Restaurant 765,1522,180,456.6,72,0.3
Restaurant 766,11122.36,2255,3890.37,902,0.349779184
Restaurant 767,4203,702.5,1259.25,281,0.299607423
Restaurant 768,1306.61,505,425.07,202,0.325322782
Restaurant 769,1772.2,247.5,531.68,99,0.300011285
Restaurant 770,2822.5,295,846.75,118,0.3
Restaurant 771,1522.05,277.5,532.99,111,0.350179035
Restaurant 772,140479.91,16852.5,41331.64,6741,0.294217444
Restaurant 773,10623.05,1950,3184.37,780,0.299760427
Restaurant 774,15171,2847.5,3801.6,1139,0.25058335
Restaurant 775,45440,5905,11386.38,2362,0.250580546
Restaurant 776,3150.5,902.5,1103.46,361,0.350249167
Restaurant 777,2377.01,480,832.43,192,0.350200462
Restaurant 778,11124,1457.5,3337.2,583,0.3
Restaurant 779,9982.45,1950,2997.64,780,0.300291011
Restaurant 780,1218.35,132.5,365.64,53,0.300110806
Restaurant 781,14617.43,1912.5,4384.34,765,0.299939182
Restaurant 782,7360.5,887.5,2208.15,355,0.3
Restaurant 783,1004.42,200,351.67,80,0.350122459
Restaurant 784,2330.5,215,812.73,86,0.348736323
Restaurant 785,108104,15095,27036.28,6038,0.250095094
Restaurant 786,78952.91,9662.5,23133.54,3865,0.293004273
Restaurant 787,250.25,35,62.58,14,0.25006993
Restaurant 788,3706.82,977.5,1112.6,391,0.300149454
Restaurant 789,1989.5,255,597.45,102,0.300301583
Restaurant 790,5262.3,842.5,1316.04,337,0.250088364
Restaurant 791,83,7.5,24.9,3,0.3
Restaurant 792,3481.1,805,1218.72,322,0.350096234
Restaurant 793,9090.44,2422.5,3176.87,969,0.349473733
Restaurant 794,2535.3,390,887.74,156,0.350151856
Restaurant 795,36825.38,1162.5,11016.52,465,0.299155637
Restaurant 796,509.19,122.5,178.34,49,0.350242542
Restaurant 797,224,20,56.02,8,0.250089286
Restaurant 798,4390.35,757.5,1318.2,303,0.300249411
Restaurant 799,17251.75,2025,5181.52,810,0.300347501
Restaurant 800,7661.08,1412.5,2295.08,565,0.299576561
Restaurant 801,3608.08,400,1262.94,160,0.350031041
Restaurant 802,485.95,87.5,145.8,35,0.300030867
Restaurant 803,39289.2,5390,9829.5,2156,0.250183256
Restaurant 804,23955.4,2975,5999.67,1190,0.250451673
Restaurant 805,23674.6,2602.5,7102.7,1041,0.300013517
Restaurant 806,1541.25,137.5,462.39,55,0.300009732
Restaurant 807,2736.4,300,958.26,120,0.350190031
Restaurant 808,6913.9,722.5,1729.3,289,0.250119325
Restaurant 809,7802.3,1270,2339.06,508,0.299791087
Restaurant 810,6001.7,712.5,1802.04,285,0.300254928
Restaurant 811,1714.1,207.5,514.49,83,0.300151683
Restaurant 812,1939.2,307.5,581.76,123,0.3
Restaurant 813,1567.56,222.5,444.19,89,0.283363954
Restaurant 814,15267.05,2530,4575.57,1012,0.2997023
Restaurant 815,31783.85,5880,9547.47,2352,0.300387461
Restaurant 816,476.5,70,166.79,28,0.35003148
Restaurant 817,23777.4,3507.5,7125.46,1403,0.29967364
Restaurant 818,1224.55,142.5,367.51,57,0.300118411
Restaurant 819,6858.7,1430,1716.85,572,0.250317115
Restaurant 820,2895.5,412.5,724.16,165,0.250098429
Restaurant 821,1354.5,112.5,338.72,45,0.250070137
Restaurant 822,64714.04,9397.5,16191.72,3759,0.250204129
Restaurant 823,17792.2,2450,4461.68,980,0.250766066
Restaurant 824,40.7,7.5,14.26,3,0.35036855
Restaurant 825,58145.75,8157.5,14548,3263,0.250198854
Restaurant 826,31743.35,4110,9525.75,1644,0.300086475
Restaurant 827,12923.5,1675,4518.37,670,0.349624328
Restaurant 828,6742.48,1650,1212.45,660,0.179822558
Restaurant 829,3653.5,527.5,1096.05,211,0.3
Restaurant 830,8392.81,907.5,2518.76,363,0.30010926
Restaurant 831,4132.6,552.5,1035.2,221,0.250496056
Restaurant 832,1986.26,317.5,496.79,127,0.250113278
Restaurant 833,89.15,7.5,31.21,3,0.350084128
Restaurant 834,16943.5,2417.5,5093.66,967,0.300626199
Restaurant 835,3371.06,677.5,1008.25,271,0.299089901
Restaurant 836,9475.6,1812.5,2367.07,725,0.249806872
Restaurant 837,12732.55,1555,3183.91,622,0.250060671
Restaurant 838,3008.5,300,748.99,120,0.248957952
Restaurant 839,1983.65,237.5,600.66,95,0.302805434
Restaurant 840,5385.11,902.5,1885.29,361,0.350093127
Restaurant 841,1010.2,105,253.3,42,0.250742427
Restaurant 842,4162,445,1249.34,178,0.300177799
Restaurant 843,1313.35,152.5,395.31,61,0.300993642
Restaurant 844,14942.2,2015,3732.21,806,0.249776472
Restaurant 845,18716.5,2095,5615.55,838,0.300032057
Restaurant 846,64.6,15,16.14,6,0.249845201
Restaurant 847,9482,2202.5,2844.6,881,0.3
Restaurant 848,21466.75,2570,5369.29,1028,0.250121234
Restaurant 849,12240.5,1265,3672.15,506,0.3
Restaurant 850,35.75,7.5,10.72,3,0.29986014
Restaurant 851,10940.08,985,2742.35,394,0.250670013
Restaurant 852,27072.2,4027.5,6781.95,1611,0.250513442
Restaurant 853,8650.21,2240,2165.94,896,0.250391609
Restaurant 854,28473.54,4765,8558.72,1906,0.300585034
Restaurant 855,568.65,130,173,52,0.304229315
Restaurant 856,8117.3,1582.5,1624.11,633,0.200080076
Restaurant 857,2107.15,377.5,737.73,151,0.350107966
Restaurant 858,19857.3,2790,4238.26,1116,0.213435865
Restaurant 859,3993.68,847.5,1195.92,339,0.299453136
Restaurant 860,12237.65,1647.5,3671.48,659,0.300015117
Restaurant 861,1783.99,357.5,579.76,143,0.3249794
Restaurant 862,12772,1517.5,2700.38,607,0.21142969
Restaurant 863,7579.09,965,2275.44,386,0.300226017
Restaurant 864,7037.1,1367.5,2463.86,547,0.350124341
Restaurant 865,3902.47,520,1367.67,208,0.350462656
Restaurant 866,7514.56,847.5,2245.73,339,0.298850498
Restaurant 867,40327,4987.5,12094.08,1995,0.299900315
Restaurant 868,1174.4,182.5,411.17,73,0.350110695
Restaurant 869,5.49,2.5,1.92,1,0.349726776
Restaurant 870,59058.95,12057.5,14771.85,4823,0.250120431
Restaurant 871,10241.54,1502.5,3073.45,601,0.30009647
Restaurant 872,800.5,120,274.66,48,0.343110556
Restaurant 873,3824.5,397.5,956.34,159,0.250056216
Restaurant 874,1595.8,155,478.86,62,0.300075197
Restaurant 875,4444.78,515,1330.72,206,0.299389396
Restaurant 876,15.66,7.5,5.48,3,0.349936143
Restaurant 877,25.85,5,9.05,2,0.350096712
Restaurant 878,4464.25,585,1342.54,234,0.300731366
Restaurant 879,5999.2,865,1500.5,346,0.250116682
Restaurant 880,7454.66,1340,2614.12,536,0.350669246
Restaurant 881,1114.5,152.5,390.24,61,0.350148048
Restaurant 882,1755.1,240,614.46,96,0.350099709
Restaurant 883,532.54,187.5,183.09,75,0.34380516
Restaurant 884,67365.35,11352.5,16842.62,4541,0.250019038
Restaurant 885,1751,227.5,525.3,91,0.3
Restaurant 886,13976.6,1650,4194.26,660,0.300091582
Restaurant 887,3954,277.5,1188.6,111,0.30060698
Restaurant 888,3176.1,610,953.45,244,0.300195208
Restaurant 889,5222.88,565,1828.4,226,0.350075054
Restaurant 890,29914.95,3217.5,7491.53,1287,0.250427629
Restaurant 891,3599,742.5,900.61,297,0.250238955
Restaurant 892,815.91,275,163.21,110,0.200034318
Restaurant 893,30333.08,4072.5,7581.09,1629,0.249928131
Restaurant 894,622.8,52.5,186.84,21,0.3
Restaurant 895,3700.85,467.5,1103.35,187,0.298134212
Restaurant 896,2123.1,585,633.81,234,0.298530451
Restaurant 897,4177.75,507.5,1047.33,203,0.250692358
Restaurant 898,46291.25,4907.5,11650.35,1963,0.251674993
Restaurant 899,1001.5,280,350.76,112,0.350234648
Restaurant 900,2243.5,320,673.05,128,0.3
Restaurant 901,5263.5,567.5,1588.05,227,0.301709889
Restaurant 902,1503.55,177.5,369.69,71,0.245878089
Restaurant 903,34350.99,5115,10317.74,2046,0.300362231
Restaurant 904,3065.59,405,920.1,162,0.300137983
Restaurant 905,13537.8,1377.5,4082.61,551,0.301571156
Restaurant 906,5355.05,662.5,1339.14,265,0.250070494
Restaurant 907,3694.1,675,924,270,0.250128583
Restaurant 908,907.55,110,317.75,44,0.350118451
Restaurant 909,14693.21,1582.5,4408.88,633,0.30006241
Restaurant 910,230.55,60,80.72,24,0.35011928
Restaurant 911,3291,427.5,987.53,171,0.300069888
Restaurant 912,7264,1310,1816.44,524,0.250060573
Restaurant 913,278.5,40,97.5,16,0.350089767
Restaurant 914,3338.4,707.5,666.96,283,0.199784328
Restaurant 915,26666.86,2717.5,6666.52,1087,0.249992688
Restaurant 916,22014.95,1317.5,6379.4,527,0.289775811
Restaurant 917,12223.75,1170,3064.62,468,0.250710298
Restaurant 918,19549.87,2340,5859.74,936,0.299732939
Restaurant 919,4476.61,1080,1564.56,432,0.349496606
Restaurant 920,4892.1,772.5,1223.61,309,0.250119581
Restaurant 921,4448.22,752.5,1532.72,301,0.344569288
Restaurant 922,15344.15,937.5,4601.5,375,0.299886276
Restaurant 923,9737.3,1707.5,2183.83,683,0.224274696
Restaurant 924,86.8,15,30.4,6,0.350230415
Restaurant 925,9093.4,907.5,2273.86,363,0.250056085
Restaurant 926,11471.8,1835,2875.49,734,0.250657264
Restaurant 927,59.5,10,20.84,4,0.350252101
Restaurant 928,27654.35,3187.5,6916.23,1275,0.250095555
Restaurant 929,2719.93,515,949.96,206,0.349258988
Restaurant 930,1589.13,435,435.6,174,0.27411225
Restaurant 931,112.44,90,36.53,36,0.324884383
Restaurant 932,1272.7,142.5,381.95,57,0.300110002
Restaurant 933,31989.95,4552.5,8000.01,1821,0.250078853
Restaurant 934,8125.9,1260,2433.57,504,0.299483134
Restaurant 935,61196.4,8090,18367.41,3236,0.300138734
Restaurant 936,242.3,50,72.77,20,0.300330169
Restaurant 937,10513,2185,2624.08,874,0.249603348
Restaurant 938,49402.5,6900,14823.69,2760,0.300059511
Restaurant 939,13977.95,872.5,4193.86,349,0.300033982
Restaurant 940,16741.9,1632.5,4187.62,653,0.250128122
Restaurant 941,1459.1,125,510.82,50,0.350092523
Restaurant 942,2804,437.5,981.76,175,0.350128388
Restaurant 943,584,160,146.13,64,0.250222603
Restaurant 944,5813.05,560,1453.69,224,0.250073541
Restaurant 945,745.3,210,204.9,84,0.27492285
Restaurant 946,8685.1,1570,3474.04,628,0.4
Restaurant 947,11593.35,1437.5,2912.56,575,0.251226781
Restaurant 948,2762.54,435,966.99,174,0.350036561
Restaurant 949,24105.35,3962.5,6028.69,1585,0.250097592
Restaurant 950,40426.25,4637.5,10107.6,1855,0.250025664
Restaurant 951,1116.75,102.5,390.96,41,0.350087307
Restaurant 952,12466.5,1650,2707.91,660,0.217214936
Restaurant 953,6297.75,867.5,1892.13,347,0.300445397
Restaurant 954,10565.2,1892.5,3700.32,757,0.350236626
Restaurant 955,60843.85,5735,15210.13,2294,0.249986317
Restaurant 956,1334.91,160,400.64,64,0.300125102
Restaurant 957,39.5,5,11.85,2,0.3
Restaurant 958,2908.5,520,727.18,208,0.25001891
Restaurant 959,34829.53,6070,10430.4,2428,0.299470019
Restaurant 960,7323.9,1072.5,1831.61,429,0.250086702
Restaurant 961,2212.3,412.5,768.12,165,0.347204267
Restaurant 962,12561.2,1690,3141.52,676,0.250097124
Restaurant 963,86.65,22.5,21.68,9,0.250201962
Restaurant 964,322.9,37.5,80.73,15,0.250015485
Restaurant 965,51823.8,5702.5,12971.1,2281,0.250292337
Restaurant 966,1309.55,272.5,393.32,109,0.300347448
Restaurant 967,7463.15,672.5,1866.2,269,0.250055272
Restaurant 968,448.6,57.5,157.04,23,0.350066875
Restaurant 969,3794.55,360,1138.67,144,0.300080378
Restaurant 970,5632.55,1317.5,1684.79,527,0.299116741
Restaurant 971,3474,600,880.31,240,0.253399539
Restaurant 972,195.5,20,48.9,8,0.250127877
Restaurant 973,5271.3,625,1319.86,250,0.250386053
Restaurant 974,4827.45,537.5,1212.68,216,0.251205088
Restaurant 975,8544.25,1080,2148.93,432,0.251505984
Restaurant 976,982.5,147.5,343.97,59,0.350096692
Restaurant 977,729.65,135,255.45,54,0.350099363
Restaurant 978,73090.05,9707.5,18277.17,3883,0.250063723
Restaurant 979,8474.5,945,2119.24,378,0.250072571
Restaurant 980,28888.45,3320,7245.65,1328,0.250814772
Restaurant 981,12564.65,1215,3138.6,486,0.249796055
Restaurant 982,16215.15,4022.5,4056.75,1609,0.2501827
Restaurant 983,533.9,75,186.88,30,0.350028095
Restaurant 984,4591.1,505,1148.09,202,0.250068611
Restaurant 985,12635,1995,3153.56,798,0.249589236
Restaurant 986,6730.5,735,1684.9,294,0.250338014
Restaurant 987,17880.75,1242.5,4480.3,497,0.250565552
Restaurant 988,5556.45,1750,1390.79,700,0.250301901
Restaurant 989,10494.1,1395,3151.75,558,0.300335427
Restaurant 990,3447.95,542.5,1034.85,217,0.300134863
Restaurant 991,13304.4,1657.5,3327.73,663,0.250122516
Restaurant 992,9554.6,1567.5,2862.35,627,0.299578214
Restaurant 993,8421.72,1390,2950.29,556,0.350319175
Restaurant 994,654.3,60,196.33,24,0.300061134
Restaurant 995,80311.9,12557.5,20089.42,5023,0.250142507
Restaurant 996,7050.2,897.5,2115.89,359,0.300117727
Restaurant 997,391.7,107.5,117.51,43,0.3
Restaurant 998,87496.55,10442.5,26238.61,4177,0.299881652
Restaurant 999,17652.25,2055,4415.96,822,0.250164143
Restaurant 1000,4682.95,695,1639.96,278,0.350198059
Restaurant 1001,7634.19,630,1904.74,252,0.249501257
Restaurant 1002,26203.25,6402.5,7855.35,2561,0.299785332
Restaurant 1003,2180.2,270,656.64,108,0.301183378
Restaurant 1004,1249,132.5,374.7,53,0.3
Restaurant 1005,4674.7,472.5,1407.09,189,0.301001134
Restaurant 1006,5646.4,1167.5,1694.1,467,0.300031879
Restaurant 1007,16365.05,1617.5,4092.8,647,0.25009395
Restaurant 1008,21090.8,3262.5,6317.94,1305,0.299559049
Restaurant 1009,8.24,2.5,2.88,1,0.349514563
Restaurant 1010,45676.25,5545,11413.23,2218,0.249872308
Restaurant 1011,16223.7,1842.5,4059.53,737,0.250222206
Restaurant 1012,9648.7,1780,2894.61,712,0.3
Restaurant 1013,2465.3,320,741.32,128,0.30070174
Restaurant 1014,1035.5,165,260.17,66,0.251250604
Restaurant 1015,11546.2,880,3466.71,352,0.300246834
Restaurant 1016,77,20,23.1,8,0.3
Restaurant 1017,5658.4,670,1698.92,268,0.30024742
Restaurant 1018,3207.44,515,1122.9,206,0.350092285
Restaurant 1019,2392.85,325,837.73,130,0.350097164
Restaurant 1020,2702.1,307.5,810.95,123,0.300118426
Restaurant 1021,4449.65,685,1334.84,274,0.299987639
Restaurant 1022,401.83,87.5,100.5,35,0.250105766
Restaurant 1023,1560.45,230,542.35,92,0.347559999
Restaurant 1024,1945.4,317.5,583.66,127,0.300020561
Restaurant 1025,29.36,10,10.28,4,0.35013624
Restaurant 1026,49629.8,6655,12403.8,2662,0.249926455
Restaurant 1027,686,117.5,240.12,47,0.350029155
Restaurant 1028,410.8,55,143.87,22,0.350219085
